{
  "hash": "8b9f9c49",
  "configHash": "c901d966",
  "lockfileHash": "750f62c1",
  "browserHash": "2b2c7218",
  "optimized": {
    "@angular/cdk/bidi": {
      "src": "../../../../../../node_modules/@angular/cdk/fesm2022/bidi.mjs",
      "file": "@angular_cdk_bidi.js",
      "fileHash": "153c6345",
      "needsInterop": false
    },
    "@angular/cdk/layout": {
      "src": "../../../../../../node_modules/@angular/cdk/fesm2022/layout.mjs",
      "file": "@angular_cdk_layout.js",
      "fileHash": "c0f09cca",
      "needsInterop": false
    },
    "@angular/cdk/scrolling": {
      "src": "../../../../../../node_modules/@angular/cdk/fesm2022/scrolling.mjs",
      "file": "@angular_cdk_scrolling.js",
      "fileHash": "fe6999f3",
      "needsInterop": false
    },
    "@angular/cdk/text-field": {
      "src": "../../../../../../node_modules/@angular/cdk/fesm2022/text-field.mjs",
      "file": "@angular_cdk_text-field.js",
      "fileHash": "ab36c629",
      "needsInterop": false
    },
    "@angular/common": {
      "src": "../../../../../../node_modules/@angular/common/fesm2022/common.mjs",
      "file": "@angular_common.js",
      "fileHash": "22738231",
      "needsInterop": false
    },
    "@angular/core": {
      "src": "../../../../../../node_modules/@angular/core/fesm2022/core.mjs",
      "file": "@angular_core.js",
      "fileHash": "07412e16",
      "needsInterop": false
    },
    "@angular/forms": {
      "src": "../../../../../../node_modules/@angular/forms/fesm2022/forms.mjs",
      "file": "@angular_forms.js",
      "fileHash": "fa7b9292",
      "needsInterop": false
    },
    "@angular/material/badge": {
      "src": "../../../../../../node_modules/@angular/material/fesm2022/badge.mjs",
      "file": "@angular_material_badge.js",
      "fileHash": "cbc37615",
      "needsInterop": false
    },
    "@angular/material/button": {
      "src": "../../../../../../node_modules/@angular/material/fesm2022/button.mjs",
      "file": "@angular_material_button.js",
      "fileHash": "d5598bc2",
      "needsInterop": false
    },
    "@angular/material/card": {
      "src": "../../../../../../node_modules/@angular/material/fesm2022/card.mjs",
      "file": "@angular_material_card.js",
      "fileHash": "9bc25d78",
      "needsInterop": false
    },
    "@angular/material/chips": {
      "src": "../../../../../../node_modules/@angular/material/fesm2022/chips.mjs",
      "file": "@angular_material_chips.js",
      "fileHash": "e2356481",
      "needsInterop": false
    },
    "@angular/material/dialog": {
      "src": "../../../../../../node_modules/@angular/material/fesm2022/dialog.mjs",
      "file": "@angular_material_dialog.js",
      "fileHash": "704b753e",
      "needsInterop": false
    },
    "@angular/material/divider": {
      "src": "../../../../../../node_modules/@angular/material/fesm2022/divider.mjs",
      "file": "@angular_material_divider.js",
      "fileHash": "ff69528a",
      "needsInterop": false
    },
    "@angular/material/form-field": {
      "src": "../../../../../../node_modules/@angular/material/fesm2022/form-field.mjs",
      "file": "@angular_material_form-field.js",
      "fileHash": "c2e13c67",
      "needsInterop": false
    },
    "@angular/material/icon": {
      "src": "../../../../../../node_modules/@angular/material/fesm2022/icon.mjs",
      "file": "@angular_material_icon.js",
      "fileHash": "e81d5f6b",
      "needsInterop": false
    },
    "@angular/material/input": {
      "src": "../../../../../../node_modules/@angular/material/fesm2022/input.mjs",
      "file": "@angular_material_input.js",
      "fileHash": "d7303b91",
      "needsInterop": false
    },
    "@angular/material/list": {
      "src": "../../../../../../node_modules/@angular/material/fesm2022/list.mjs",
      "file": "@angular_material_list.js",
      "fileHash": "a80859cd",
      "needsInterop": false
    },
    "@angular/material/menu": {
      "src": "../../../../../../node_modules/@angular/material/fesm2022/menu.mjs",
      "file": "@angular_material_menu.js",
      "fileHash": "979942ed",
      "needsInterop": false
    },
    "@angular/material/progress-bar": {
      "src": "../../../../../../node_modules/@angular/material/fesm2022/progress-bar.mjs",
      "file": "@angular_material_progress-bar.js",
      "fileHash": "d31ea128",
      "needsInterop": false
    },
    "@angular/material/select": {
      "src": "../../../../../../node_modules/@angular/material/fesm2022/select.mjs",
      "file": "@angular_material_select.js",
      "fileHash": "0d29cb8f",
      "needsInterop": false
    },
    "@angular/material/sidenav": {
      "src": "../../../../../../node_modules/@angular/material/fesm2022/sidenav.mjs",
      "file": "@angular_material_sidenav.js",
      "fileHash": "93f71230",
      "needsInterop": false
    },
    "@angular/material/snack-bar": {
      "src": "../../../../../../node_modules/@angular/material/fesm2022/snack-bar.mjs",
      "file": "@angular_material_snack-bar.js",
      "fileHash": "0278e33b",
      "needsInterop": false
    },
    "@angular/material/table": {
      "src": "../../../../../../node_modules/@angular/material/fesm2022/table.mjs",
      "file": "@angular_material_table.js",
      "fileHash": "6a00a1fd",
      "needsInterop": false
    },
    "@angular/material/toolbar": {
      "src": "../../../../../../node_modules/@angular/material/fesm2022/toolbar.mjs",
      "file": "@angular_material_toolbar.js",
      "fileHash": "dd38624c",
      "needsInterop": false
    },
    "@angular/platform-browser": {
      "src": "../../../../../../node_modules/@angular/platform-browser/fesm2022/platform-browser.mjs",
      "file": "@angular_platform-browser.js",
      "fileHash": "fe3d9b21",
      "needsInterop": false
    },
    "@angular/platform-browser/animations/async": {
      "src": "../../../../../../node_modules/@angular/platform-browser/fesm2022/animations/async.mjs",
      "file": "@angular_platform-browser_animations_async.js",
      "fileHash": "705febf0",
      "needsInterop": false
    },
    "@angular/router": {
      "src": "../../../../../../node_modules/@angular/router/fesm2022/router.mjs",
      "file": "@angular_router.js",
      "fileHash": "86388ff2",
      "needsInterop": false
    },
    "rxjs": {
      "src": "../../../../../../node_modules/rxjs/dist/esm5/index.js",
      "file": "rxjs.js",
      "fileHash": "d527c624",
      "needsInterop": false
    },
    "zone.js": {
      "src": "../../../../../../node_modules/zone.js/fesm2015/zone.js",
      "file": "zone__js.js",
      "fileHash": "574f97cd",
      "needsInterop": true
    }
  },
  "chunks": {
    "browser-OOVSGDXF": {
      "file": "browser-OOVSGDXF.js"
    },
    "chunk-DMJGSCU2": {
      "file": "chunk-DMJGSCU2.js"
    },
    "chunk-GHFB7DJ2": {
      "file": "chunk-GHFB7DJ2.js"
    },
    "chunk-ISDTAQEA": {
      "file": "chunk-ISDTAQEA.js"
    },
    "chunk-FYETDKZ2": {
      "file": "chunk-FYETDKZ2.js"
    },
    "chunk-3YOOXRF4": {
      "file": "chunk-3YOOXRF4.js"
    },
    "chunk-TTJ5BIZH": {
      "file": "chunk-TTJ5BIZH.js"
    },
    "chunk-L4RROF4K": {
      "file": "chunk-L4RROF4K.js"
    },
    "chunk-27FXW722": {
      "file": "chunk-27FXW722.js"
    },
    "chunk-ACWLPSEL": {
      "file": "chunk-ACWLPSEL.js"
    },
    "chunk-5QFXMMYQ": {
      "file": "chunk-5QFXMMYQ.js"
    },
    "chunk-WW6B7UQK": {
      "file": "chunk-WW6B7UQK.js"
    },
    "chunk-YN3ABAS5": {
      "file": "chunk-YN3ABAS5.js"
    },
    "chunk-UK5FTRWR": {
      "file": "chunk-UK5FTRWR.js"
    },
    "chunk-QCETVJKM": {
      "file": "chunk-QCETVJKM.js"
    },
    "chunk-KAPXTIMC": {
      "file": "chunk-KAPXTIMC.js"
    },
    "chunk-A3HBSRE5": {
      "file": "chunk-A3HBSRE5.js"
    },
    "chunk-CK7XN5PL": {
      "file": "chunk-CK7XN5PL.js"
    },
    "chunk-VVUCJ5K2": {
      "file": "chunk-VVUCJ5K2.js"
    },
    "chunk-EOFW2REK": {
      "file": "chunk-EOFW2REK.js"
    },
    "chunk-6TCKQS3S": {
      "file": "chunk-6TCKQS3S.js"
    },
    "chunk-BS6LWT2H": {
      "file": "chunk-BS6LWT2H.js"
    },
    "chunk-XBV4DNUR": {
      "file": "chunk-XBV4DNUR.js"
    },
    "chunk-2PIJAZ43": {
      "file": "chunk-2PIJAZ43.js"
    },
    "chunk-SX2WPYD4": {
      "file": "chunk-SX2WPYD4.js"
    },
    "chunk-ECJ6HSQM": {
      "file": "chunk-ECJ6HSQM.js"
    },
    "chunk-4SNOHQMC": {
      "file": "chunk-4SNOHQMC.js"
    },
    "chunk-7JC7HNXN": {
      "file": "chunk-7JC7HNXN.js"
    },
    "chunk-TQMNYOG7": {
      "file": "chunk-TQMNYOG7.js"
    },
    "chunk-GC4YIYPJ": {
      "file": "chunk-GC4YIYPJ.js"
    },
    "chunk-OUMKN3JP": {
      "file": "chunk-OUMKN3JP.js"
    },
    "chunk-3KKC7HMJ": {
      "file": "chunk-3KKC7HMJ.js"
    },
    "chunk-WDMUDEB6": {
      "file": "chunk-WDMUDEB6.js"
    }
  }
}